Workbook

Sheet Man
A1: Deel I. Welk antwoord verwoordt het best hoe u zich meestal voelt of gedraagt ?
A2: Kruis het vierkantje aan naast het alternatief dat u verkiest.
A4: 1. | B4: Bent u doorgaans | O4: 11. | P4: Als u in een groep bent, zult u meestal liever | W4: 20. | X4: In een grote groep zal u vaker | AN4: E | AO4: I | AP4: S | AQ4: N | AR4: T | AS4: F | AT4: J | AU4: P
C6: zeer contactvaardig | Q6: deelnemen aan het groepsgesprek | Y6: anderen voorstellen | AH6: E : | AI6: =B6*2 -> 0 | AJ6: =P6*1 -> 0 | AK6: =X6*2 -> 0 | AN6: =SUM(AI6:AK6) -> 0
C7: of | Q7: of | Y7: of
C8: eerder stil en terughoudend ? | Q8: met één persoon terzelfdertijd praten ? | Y8: voorgesteld worden ? | AH8: I : | AI8: =B8*2 -> 0 | AJ8: =P8*2 -> 0 | AK8: =X8*2 -> 0 | AO8: =SUM(AI8:AK8) -> 0
A10: 2. | B10: Als u een leraar zou zijn, zou u dan liever | O10: 12. | P10: Hebt u meer bewondering voor mensen | W10: 21. | X10: Wordt u eerder beschouwd
C12: praktijkcursussen geven | Q12: die zo gewoon zijn dat ze nooit opvallen | Y12: als een praktisch ingesteld persoon | AH12: S : | AI12: =B12*2 -> 0 | AJ12: =P12*1 -> 0 | AK12: =X12*2 -> 0 | AP12: =SUM(AI12:AK12) -> 0
C13: of | Q13: of | Y13: of
C14: theoretische cursussen geven ? | Q14: die te origineel en bijzonder zijn om zich | Y14: als een zeer vindingrijk persoon ? | AH14: N : | AI14: =B14*2 -> 0 | AJ14: =P14*2 -> 0 | AK14: =X14*2 -> 0 | AQ14: =SUM(AI14:AK14) -> 0
Q15: druk te maken of ze al dan niet opvallen ?
A17: 3. | B17: Is het een mooier compliment om | O17: 13. | P17: U laat zich leiden | W17: 22. | X17: Waardeert u meestal
B18: getypeerd te worden
C19: als een gevoelsmens | Q19: door uw gevoelens, | Y19: gevoelens meer dan logica | AH19: F : | AI19: =B19*1 -> 0 | AJ19: =P19*1 -> 0 | AK19: =X19*2 -> 0 | AS19: =SUM(AI19:AK19) -> 0
C20: of | Q20: eerder dan door uw verstand, of | Y20: of
C21: als een verstandig persoon ? | Q21: door uw verstand, | Y21: logica meer dan gevoelens ? | AH21: T : | AI21: =B21*2 -> 0 | AJ21: =P21*1 -> 0 | AK21: =X21*2 -> 0 | AR21: =SUM(AI21:AK21) -> 0
Q22: eerder dan door uw gevoelens ?
W23: 23. | X23: Als goed op voorhand geregeld is dat u
A24: 4. | B24: Als u een uitstapje maakt, zou u eerder | O24: 14. | P24: Geeft u er de voorkeur aan | X24: bepaalde dingen zal doen op een bepaald
X25: ogenblik, dan vindt u dat
C26: plannen wat u zal doen en wanneer | Q26: afspraakjes, feestjes enz. | Y26: leuk omdat u zo een aangepaste planning | AH26: J : | AI26: =B26*2 -> 0 | AJ26: =P26*2 -> 0 | AK26: =X26*1 -> 0 | AT26: =SUM(AI26:AK26) -> 0
C27: of | Q27: goed op voorhand vast te leggen, of | Y27: kan maken, of
C28: gewoon vertrekken ? | Q28: vrij te zijn om te doen wat plezierig lijkt | Y28: een beetje onplezierig om gebonden te zijn ? | AH28: P : | AI28: =B28*2 -> 0 | AJ28: =P28*1 -> 0 | AK28: =X28*1 -> 0 | AU28: =SUM(AI28:AK28) -> 0
Q29: als de gelegenheid zich voordoet ?
A31: 5. | B31: Heeft u | O31: 15. | P31: Binnen uw vriendenkring bent u | W31: 24. | X31: Praat u zonder moeite
C33: een hechte vriendschap met een | Q33: één van de laatsten die hoort | Y33: enkel met bepaalde personen of in | AH33: I : | AI33: =B33*1 -> 0 | AJ33: =P33*1 -> 0 | AK33: =X33*2 -> 0 | AO33: =SUM(AI33:AK33) -> 0
C34: zeer kleine groep mensen, of | Q34: wat er gebeurt, of | Y34: specifieke omstandigheden, of
C35: een uitgebreide vriendenkring ? | Q35: iemand die alle nieuwtjes weet ? | Y35: met om het even wie zolang als nodig is ? | AH35: E : | AI35: =B35*2 -> 0 | AJ35: =P35*2 -> 0 | AK35: =X35*2 -> 0 | AN35: =SUM(AI35:AK35) -> 0
A38: 6. | B38: Een planning volgen | O38: 16. | P38: Het idee om een lijst te maken van wat u | W38: 25. | X38: Als u op zaterdagochtend zou gevraagd worden
P39: in het weekend moet doen | X39: wat u die dag zal doen, zou u
C40: trekt u aan | Q40: trekt u aan | Y40: dit vrij goed kunnen vertellen | AH40: J : | AI40: =B40*2 -> 0 | AJ40: =P40*1 -> 0 | AK40: =X40*0 -> 0 | AT40: =SUM(AI40:AK40) -> 0
C41: of | Q41: of | Y41: of
C42: spreekt u niet aan ? | Q42: laat u koud, of | Y42: twee keer teveel zaken opnoemen, of | AH42: P : | AI42: =B42*2 -> 0 | AJ42: =P42*1 -> 0 | AK42: =X42*1 -> 0 | AU42: =SUM(AI42:AK42,AJ43:AK43) -> 0
Q43: ontmoedigt u beslist ? | Y43: moeten afwachten en zien ? | AJ43: =P43*1 -> 0 | AK43: =X43*1 -> 0
A45: 7. | B45: Schiet u meestal beter op met | O45: 17. | P45: Als vriend kiest u eerder iemand | W45: 26. | X45: Bij ontspannende literatuur, geniet u
C47: verbeeldingsrijke mensen | Q47: die steeds met nieuwe ideeën komt | Y47: van een ongewone en originele schrijfstijl | AH47: N : | AI47: =B47*2 -> 0 | AJ47: =P47*1 -> 0 | AK47: =X47*0 -> 0 | AQ47: =SUM(AI47:AK47) -> 0
C48: of | Q48: of | Y48: of
C49: realistische mensen ? | Q49: die met twee voeten op de grond staat ? | Y49: van schrijvers die precies zeggen | AH49: S : | AI49: =B49*1 -> 0 | AJ49: =P49*2 -> 0 | AK49: =X49*1 -> 0 | AP49: =SUM(AI49:AK49) -> 0
Y50: wat ze bedoelen ?
A53: 8. | B53: Heeft u het moeilijk om zich aan te passen | O53: 18. | P53: Bent u meer succesvol | W53: 27. | X53: Is het zo
C55: aan routine | Q55: in het omgaan met het onverwachte en | Y55: dat u er de voorkeur aan geeft dingen | AH55: P : | AI55: =B55*1 -> 0 | AJ55: =P55*1 -> 0 | AK55: =X55*1 -> 0 | AU55: =SUM(AI55:AK55) -> 0
C56: of | Q56: snel zien wat er gedaan moet worden, of | Y56: op het laatste ogenblik te doen, of
C57: aan voortdurende verandering ? | Q57: in het volgen van een zorgvuldig | Y57: dat het regelen van zaken op het laatste | AH57: J : | AI57: =B57*1 -> 0 | AJ57: =P57*1 -> 0 | AK57: =X57*1 -> 0 | AT57: =SUM(AI57:AK57) -> 0
Q58: uitgewerkt plan ? | Y58: ogenblik u op de zenuwen werkt ?
A60: 9. | B60: Denkt u dat de mensen in uw nabije | O60: 19. | P60: Wanneer u zich in een gênante positie bevindt, | W60: 28. | X60: Vindt u het leuk op een feestje
B61: omgeving weten hoe u zich voelt
C62: over de meeste dingen | Q62: geeft u er meestal een humoristische | Y62: mee de sfeer te maken | AH62: E : | AI62: =B62*1 -> 0 | AJ62: =P62*1 -> 0 | AK62: =X62*1 -> 0 | AN62: =SUM(AI62:AK62) -> 0
C63: of | Q63: draai aan, of | Y63: of
C64: enkel als u een speciale reden had | Q64: verandert u gewoonlijk van onderwerp, of | Y64: anderen op hun manier plezier te laten | AH64: I : | AI64: =B64*1 -> 0 | AJ64: =P64*0 -> 0 | AK64: =X64*2 -> 0 | AO64: =SUM(AI64:AK64,AJ65) -> 0
C65: om het hen te vertellen ? | Q65: schiet u enkele dagen later te binnen | Y65: maken ? | AJ65: =P65*2 -> 0
Q66: wat u had moeten zeggen ?
A68: 10. | B68: Bent u meer bezorgd
C70: om de rechten van iemand | AH70: T : | AI70: =B70*2 -> 0 | AR70: =SUM(AI70) -> 0
C71: of
C72: om de gevoelens van iemand ? | AH72: F : | AI72: =B72*0 -> 0 | AS72: =SUM(AI72) -> 0
A75: Deel II. Welk van beide woorden spreekt u het meest aan ?
A76: Let op de inhoud van de woorden, niet op de schrijfwijze of klank.
A78: 29. | C78: Maken | K78: 35. | M78: Belevenis | S78: 41. | U78: Productie | AA78: 47. | AC78: Concreet | AH78: S : | AI78: =B78*2 -> 0 | AJ78: =L78*2 -> 0 | AK78: =T78*1 -> 0 | AL78: =AB78*1 -> 0 | AP78: =SUM(AI78:AL78) -> 0
C79: Creëren | M79: Droom | U79: Ontwerp | AC79: Globaal | AH79: N : | AI79: =B79*0 -> 0 | AJ79: =L79*0 -> 0 | AK79: =T79*0 -> 0 | AL79: =AB79*2 -> 0 | AQ79: =SUM(AI79:AL79) -> 0
A81: 30. | C81: Nuttig | K81: 36. | M81: Voorzichtigheid | S81: 42. | U81: Verdragen | AA81: 48. | AC81: Vastberaden | AH81: T : | AI81: =B81*1 -> 0 | AJ81: =L81*2 -> 0 | AK81: =T81*2 -> 0 | AL81: =AB81*2 -> 0 | AR81: =SUM(AI81:AL81) -> 0
C82: Aanmoedigend | M82: Vertrouwen | U82: Kwijtschelden | AC82: Vriendelijk | AH82: F : | AI82: =B82*1 -> 0 | AJ82: =L82*0 -> 0 | AK82: =T82*0 -> 0 | AL82: =AB82*0 -> 0 | AS82: =SUM(AI82:AL82) -> 0
A84: 31. | C84: Schematisch | K84: 37. | M84: Systematisch | S84: 43. | U84: Systematisch | AA84: 49. | AC84: Beslissing | AH84: J : | AI84: =B84*2 -> 0 | AJ84: =L84*2 -> 0 | AK84: =T84*2 -> 0 | AL84: =AB84*1 -> 0 | AT84: =SUM(AI84:AL84) -> 0
C85: Ongepland | M85: Ongedwongen | U85: Toevallig | AC85: Opwelling | AH85: P : | AI85: =B85*2 -> 0 | AJ85: =L85*2 -> 0 | AK85: =T85*2 -> 0 | AL85: =AB85*2 -> 0 | AU85: =SUM(AI85:AL85) -> 0
A87: 32. | C87: Uitvinden | K87: 38. | M87: Beeld | S87: 44. | U87: Theorie | AA87: 50. | AC87: Symbool | AH87: N : | AI87: =B87*1 -> 0 | AJ87: =L87*2 -> 0 | AK87: =T87*2 -> 0 | AL87: =AB87*0 -> 0 | AQ87: =SUM(AI87:AL87) -> 0
C88: Bouwen | M88: Grondslag | U88: Praktijk | AC88: Beschrijving | AH88: S : | AI88: =B88*2 -> 0 | AJ88: =L88*0 -> 0 | AK88: =T88*0 -> 0 | AL88: =AB88*1 -> 0 | AP88: =SUM(AI88:AL88) -> 0
A90: 33. | C90: Begripsvol | K90: 39. | M90: Mild | S90: 45. | U90: Medeleven | AA90: 51. | AC90: Vredelievend | AH90: F : | AI90: =B90*1 -> 0 | AJ90: =L90*0 -> 0 | AK90: =T90*1 -> 0 | AL90: =AB90*0 -> 0 | AS90: =SUM(AI90:AL90) -> 0
C91: Kritisch | M91: Streng | U91: Voorzorg | AC91: Rechtvaardig | AH91: T : | AI91: =B91*1 -> 0 | AJ91: =L91*2 -> 0 | AK91: =T91*2 -> 0 | AL91: =AB91*2 -> 0 | AR91: =SUM(AI91:AL91) -> 0
A93: 34. | C93: Spraakzaam | K93: 40. | M93: Levendig | S93: 46. | U93: Spreken | AA93: 52. | AC93: Open | AH93: E : | AI93: =B93*2 -> 0 | AJ93: =L93*1 -> 0 | AK93: =T93*0 -> 0 | AL93: =AB93*1 -> 0 | AN93: =SUM(AI93:AL93) -> 0
C94: Terughoudend | M94: Kalm | U94: Schrijven | AC94: Gereserveerd | AH94: I : | AI94: =B94*1 -> 0 | AJ94: =L94*1 -> 0 | AK94: =T94*1 -> 0 | AL94: =AB94*1 -> 0 | AO94: =SUM(AI94:AL94) -> 0
A95: Deel III. Welk antwoord verwoordt het best hoe u zich meestal voelt of gedraagt ?
A96: Kruis het vierkantje aan naast het alternatief dat u verkiest.
A98: 53. | B98: Kunnen mensen die u voor het eerst ontmoet, | O98: 61. | P98: Toont u gewoonlijk uw gevoelens | W98: 68. | X98: Zou u zeggen dat u | AN98: E | AO98: I | AP98: S | AQ98: N | AR98: T | AS98: F | AT98: J | AU98: P
B99: vertellen waar u interesse in heeft
C100: vrij snel na een eerste contact | Q100: vrijuit, openlijk | Y100: enthousiaster wordt over iets dan | AH100: E : | AI100: =B100*1 -> 0 | AJ100: =P100*1 -> 0 | AK100: =X100*1 -> 0 | AN100: =SUM(AI100:AK100) -> 0
C101: of | Q101: of | Y101: de doorsnee persoon, of
C102: pas nadat zij u echt hebben leren kennen ? | Q102: houdt u ze doorgaans voor uzelf ? | Y102: minder opgewonden geraakt dan anderen ? | AH102: I : | AI102: =B102*1 -> 0 | AJ102: =P102*0 -> 0 | AK102: =X102*1 -> 0 | AO102: =SUM(AI102:AK102) -> 0
A104: 54. | B104: Als u iets doet dat vele anderen doen, | O104: 62. | P104: Verkiest u | W104: 69. | X104: Is het een groter compliment om te zeggen
X105: dat iemand
C106: doet u dit op een algemeen aanvaarde | Q106: de beproefde methode om een goed | Y106: gezond verstand heeft | AH106: S : | AI106: =B106*1 -> 0 | AJ106: =P106*2 -> 0 | AK106: =X106*1 -> 0 | AP106: =SUM(AI106:AK106) -> 0
C107: manier, of | Q107: resultaat te halen, of | Y107: of
C108: zoekt u een geheel eigen manier ? | Q108: telkens na te gaan wat nog fout gaat | Y108: visie heeft ? | AH108: N : | AI108: =B108*1 -> 0 | AJ108: =P108*0 -> 0 | AK108: =X108*2 -> 0 | AQ108: =SUM(AI108:AK108) -> 0
Q109: en onopgeloste problemen aan te pakken ?
A111: 55. | B111: Vindt u het erger als iemand | O111: 63. | P111: Zou u liever werken onder iemand die | W111: 70. | X111: Vindt u het een grotere tekortkoming
C113: onaardig is | Q113: steeds attent is | Y113: om niet genoeg genegenheid te tonen | AH113: F : | AI113: =B113*1 -> 0 | AJ113: =P113*1 -> 0 | AK113: =X113*0 -> 0 | AS113: =SUM(AI113:AK113) -> 0
C114: of | Q114: of | Y114: of
C115: onbezonnen is ? | Q115: steeds redelijk is ? | Y115: om teveel genegenheid te tonen ? | AH115: T : | AI115: =B115*0 -> 0 | AJ115: =P115*0 -> 0 | AK115: =X115*1 -> 0 | AR115: =SUM(AI115:AK115)+1 -> 1
A118: 56. | B118: Vindt u een dagelijkse routine, | W118: 71. | X118: Als u een speciale opdracht moet uitvoeren,
X119: houdt u ervan om
C120: een prettige manier om allerlei | Y120: deze zorgvuldig voor te bereiden | AH120: J : | AI120: =B120*0 -> 0 | AK120: =X120*1 -> 0 | AT120: =SUM(AI120,AK120) -> 0
C121: dingen gedaan te krijgen, of | Y121: of
C122: vervelend, zelfs als het noodzakelijk is ? | Y122: tijdens de uitvoering te weten te komen | AH122: P : | AI122: =B122*2 -> 0 | AK122: =X122*2 -> 0 | AU122: =SUM(AI122,AK122) -> 0
Y123: wat er nodig is ?
A125: 57. | B125: Op feestjes, | O125: 64. | P125: Als iets “in” wordt, | W125: 72. | X125: Leert men u
C127: verveelt u zich soms | Q127: wacht u liever af | Y127: moeilijk kennen | AH127: I : | AI127: =B127*1 -> 0 | AJ127: =P127*2 -> 0 | AK127: =X127*2 -> 0 | AO127: =SUM(AI127:AK127) -> 0
C128: of | Q128: of | Y128: of
C129: maakt u altijd plezier ? | Q129: bent u meestal als een van de | Y129: gemakkelijk kennen ? | AH129: E : | AI129: =B129*2 -> 0 | AJ129: =P129*0 -> 0 | AK129: =X129*1 -> 0 | AN129: =SUM(AI129:AK129) -> 0
Q130: eersten geïnteresseerd ?
A132: 58. | B132: Als u een groot project opstart dat | O132: 65. | P132: Als u een taak moet af maken, | W132: 73. | X132: Vindt u de meer routinematige delen van uw dag
B133: binnen een week klaar moet zijn, zult u
C134: de tijd nemen om een lijst op te stellen wat er | Q134: begint u vroeg om aan het einde | Y134: rustgevend | AH134: J : | AI134: =B134*2 -> 0 | AJ134: =P134*0 -> 0 | AK134: =X134*1 -> 0 | AT134: =SUM(AI134:AK134) -> 0
...

Sheet Samenvatting
A8: MBTI-profiel voor :
A10: Beste
A12: U hebt een vragenlijst ingevuld waarmee wij uw voorkeuren op verschillende dimensies
A13: berekend hebben.
A15: Deze dimensies zijn :
A17: STIMULEREN : | F17: Waar u energie uit haalt.
B19: E : | C19: Extravert | F19: Extraversie
F20: Voorkeur om energie te halen uit de buitenwereld van mensen, activiteiten,
F21: dingen.
B23: I : | C23: Introvert | F23: Introversie
F24: Voorkeur om energie te halen uit de interne wereld van ideeën, emoties en
F25: indrukken.
A27: WAARNEMEN : | F27: Waar u aandacht aan schenkt.
B29: S : | C29: Sensing | F29: Observatie
F30: Voorkeur om informatie te verwerven door gebruik van de vijf zintuigen en
F31: aandacht te schenken aan het bestaande.
B33: N : | C33: iNtuition | F33: Intuïtie
F34: Voorkeur om informatie te verwerven door gebruik van het zesde zintuig en
F35: aandacht te schenken aan 'wat zou kunnen'.
A37: BESLISSEN : | F37: Hoe u beslist.
B39: T : | C39: Thinking | F39: Reflectie
F40: Voorkeur om informatie voor het nemen van beslissingen te organiseren en
F41: te structureren op een logische en objectieve wijze.
B43: F : | C43: Feeling | F43: Gevoel
F44: Voorkeur om informatie voor het nemen van beslissingen te organiseren en
F45: te structureren op een persoonlijke en waardegeladen wijze.
A47: LEVEN : | F47: Uw levensstijl.
B49: J : | C49: Judging | F49: Beheersing
F50: Voorkeur voor een gestructureerd en georganiseerd leven.
B52: P : | C52: Perceiving | F52: Perceptie
F53: Voorkeur voor een spontaan en flexibel leven.
A56: Bij uw lettercode staan cijfers vermeld die aangeven hoe duidelijk uw voorkeur voor die dimensie is :
A57: 1 = Lichte voorkeur | G57: Waarschijnlijk twijfelt u welke voorkeur u het meest hebt.
A58: 2 = Gematigde voorkeur | G58: Waarschijnlijk herkent u deze voorkeur, maar ook veel van de andere kant.
A59: 3 = Duidelijke voorkeur | G59: Waarschijnlijk bent u het eens met deze voorkeur.
A60: 4 = Heel duidelijke voorkeur | G60: Is er nog twijfel mogelijk ?
A62: Uw MBTI-profiel : | I62: =Man!AC216 -> I | J62: =IF(Man!AF233<=9,1,IF(Man!AF233<=19,2,IF(Man!AF233<=39,3,4))) -> 1 | K62: =Man!AD216 -> N | L62: =IF(Man!AF235<=9,1,IF(Man!AF235<=19,2,IF(Man!AF235<=39,3,4))) -> 1 | M62: =Man!AE216 -> T | N62: =IF((M62="T")*AND(Man!AF237<=9),1,IF((M62="T")*AND(Man!AF237<=19),2,IF((M62="T")*AND(Man!AF237<=39),3,IF((M62="T")*AND(Man!AF237>39),4,IF((M62="F")*AND(Man!AF237<=9),1,IF((M62="F")*AND(Man!AF237<=19),2,IF((M62="F")*AND(Man!AF237<=31),3,4))))))) -> 1 | O62: =Man!AF216 -> P | P62: =IF(Man!AF239<=9,1,IF(Man!AF239<=19,2,IF(Man!AF239<=39,3,4))) -> 1
